{
  "source": "bench/runs/char5010_latest.json",
  "geared": false,
  "motor": "MAD_M6C12_150KV (right_hip_yaw ESC, device 4)",
  "fitted_plant": {
    "inertia": 0.009872833251953124,
    "damping": 0.0,
    "coulomb": 0.022921752929687508,
    "latency_s": 0.014226287841796876
  },
  "fit_rms_mrad": 2.9257145122821453,
  "friction_from_ramps": {
    "coulomb": -0.26785420519150815,
    "viscous": -0.022430385433137034
  }
}