{
  "source": "bench/runs/bench_full_1783691564.json",
  "motor": "MAD_M6C12_150KV (right_hip_yaw ESC, device 4)",
  "fitted_plant": {
    "inertia": 0.027427368164062497,
    "damping": 0.022825164794921863,
    "coulomb": 0.30229949951171875,
    "latency_s": 0.0071992187500000025
  },
  "fit_rms_mrad": 10.799316031546166,
  "friction_from_ramps": {
    "coulomb": 0.33324494788683967,
    "viscous": 0.009934774089817452
  }
}