{
  "source": "bench/runs/char5010_geared.json",
  "geared": true,
  "motor": "MAD_M6C12_150KV (right_hip_yaw ESC, device 4) + 15:1 gearbox",
  "fitted_plant": {
    "inertia": 0.011749999999999997,
    "damping": 0.05687499999999995,
    "coulomb": 0.0,
    "latency_s": 0.013875000000000004
  },
  "fit_rms_mrad": 2.9165739514205744,
  "friction_from_ramps": {
    "coulomb": -0.3974305999383333,
    "viscous": 0.21886675952374973
  }
}